{
  "name": "RestSinkConnector",
  "config": {
    "connector.class": "com.tm.kafka.connect.rest.RestSinkConnector",
    "tasks.max": "1",
    "topics": "restSourceDestinationTopic",
    "rest.sink.url": "http://webservice:8080/count",
    "rest.sink.method": "POST",
    "rest.sink.headers": "Content-Type:application/json",
    "transforms": "velocityEval",
    "transforms.velocityEval.type": "org.apache.kafka.connect.transforms.VelocityEval$Value",
    "transforms.velocityEval.template": "{\"id\":$value.id,\"content\":\"$value.content\",\"topic\":\"$topic\",\"timestamp\":$timestamp,\"add1\":\"$k\",\"add2\":\"$l\",\"add3\":\"$n.kk\"}",
    "transforms.velocityEval.context": "{\"k\":\"v\", \"l\":2, \"n\":{\"kk\":\"vv\"}}"
  }
}
